name,cityofberkeley_amount,ucberkeley_amount,both_amount,committee name
finance,,,,
finance/Democrat,,,,
"finance/Democrat/ADDIS, DAWN J.",350.0,0.0,0.0,Dawn Addis for Assembly 2026
"finance/Democrat/ALLEN, BEN",2180.0,350.0,0.0,Ben Allen for Insurance Commissioner 2026
"finance/Democrat/ALLEN, BEN",1000.0,0.0,0.0,Ben Allen Senate 2022 Officeholder Account
"finance/Democrat/ARREGUIN, JESSE",7000.0,125.0,0.0,Arreguin for Senate 2028
"finance/Democrat/ATKINS, TONI G.",500.0,0.0,0.0,Toni Atkins for Governor 2026
"finance/Democrat/BECERRA, XAVIER",525361.27,1075.0,800.0,Becerra for Governor 2026
"finance/Democrat/BECKER, JOSH",900.0,0.0,0.0,Josh Becker for Senate 2028
"finance/Democrat/BECKER, JOSH",100.0,0.0,0.0,Senator Josh Becker Justice and Climate Ballot Measure Committee
"finance/Democrat/BECKMAN, ELI",1275.0,100.0,0.0,Eli Beckman for Assembly 2026
"finance/Democrat/BLAKESPEAR, CATHERINE",500.0,0.0,0.0,Catherine Blakespear for Senate 2026
"finance/Democrat/BONTA, MIA",335.0,0.0,0.0,Mia Bonta for Assembly 2026
"finance/Democrat/BONTA, ROB",38614.5,37.5,3000.0,Rob Bonta for CA Attorney General 2026
"finance/Democrat/BRANDON, JARON",3000.0,0.0,0.0,Committee to Elect Jaron Brandon for State Senate 2026
"finance/Democrat/BRICENO, ADA",200.0,0.0,0.0,Ada Briceno for State Assembly 2026
"finance/Democrat/CABALDON, CHRISTOPHER",1000.0,0.0,0.0,Christopher Cabaldon for Senate 2028
"finance/Democrat/CABALLERO, ANNA",500.0,0.0,0.0,Anna Caballero for State Treasurer 2026
"finance/Democrat/CELEDON, SANDRA",0.0,2000.0,0.0,Sandra Celedon for Assembly 2026
"finance/Democrat/CERVANTES, SABRINA",11800.0,0.0,0.0,Sabrina Cervantes for Secretary of State 2030
"finance/Democrat/CHAVEZ ZBUR, RICK",1000.0,0.0,0.0,Re-Elect Rick Chavez Zbur for Assembly 2026
"finance/Democrat/COHEN, DAVID",300.0,0.0,0.0,David Cohen for California Senate District 10 2026
"finance/Democrat/COHEN, MALIA M.",5900.0,0.0,0.0,Malia Cohen for Controller 2026
"finance/Democrat/CONNOLLY, DAMON",100.0,0.0,100.0,Damon Connolly for Senate 2026
"finance/Democrat/DEEN, SARA",100.0,0.0,0.0,Sara Deen for Assembly 2026
"finance/Democrat/ELLIOTT, MARA",100.0,0.0,0.0,Mara Elliott for Senate 2026
"finance/Democrat/EVANS, ELLEN",250.0,0.0,0.0,Ellen Evans for State Senate 2026
"finance/Democrat/FRYDAY, JOSH",31058.0,570.0,0.0,Josh Fryday for Lt. Governor 2026
"finance/Democrat/GORE, JAMES M.",10.0,0.0,0.0,Friends of James Gore for State Senate 2026
"finance/Democrat/GRAYSON, TIM",0.0,100.0,0.0,Tim Grayson for State Controller 2030
"finance/Democrat/HART, GREGG A.",1500.0,0.0,0.0,Gregg Hart for Assembly 2026
"finance/Democrat/HILDEBRAND, DAVID",100.0,0.0,0.0,HILDEBRAND FOR SENATE 2026; DAVID
"finance/Democrat/IQBAL-ZUBAIR, FATIMA S.",200.0,0.0,0.0,Fatima Iqbal-Zubair for Assembly 2026
"finance/Democrat/KALB, DAN E.",375.0,0.0,0.0,Dan Kalb for State Senate 2024
"finance/Democrat/KALRA, ASH",312.0,0.0,0.0,Ash Kalra for Assembly 2026
"finance/Democrat/KELLMAN, JANELLE",2100.0,0.0,0.0,Janelle Kellman for Lieutenant Governor 2026
"finance/Democrat/KEPNER, ANNE",600.0,0.0,0.0,Anne Kepner for State Senate 2026
"finance/Democrat/KIM, JANE",5235.0,200.0,50.0,Jane Kim for Insurance Commissioner 2026
"finance/Democrat/KLUWE, CHRIS",250.0,0.0,0.0,Chris Kluwe for Assembly 2026
"finance/Democrat/KOUNALAKIS, ELENI",500.0,0.0,0.0,Eleni Kounalakis for Treasurer 2026
"finance/Democrat/LEE, ALEX",418.0,0.0,0.0,Alex Lee for State Assembly 2026
"finance/Democrat/LIMON, S. MONIQUE",14800.0,0.0,100.0,Limon for State Controller 2030
"finance/Democrat/LIMON, S. MONIQUE",0.0,100.0,0.0,Monique Limon Ballot Measure Committee to Advance California
"finance/Democrat/LUCAN, ERIC A.",0.0,100.0,0.0,Eric Lucan for Assembly 2026
"finance/Democrat/MA, FIONA",3150.0,0.0,0.0,Fiona Ma for Lieutenant Governor 2026
"finance/Democrat/MA, OLIVER",1400.0,0.0,0.0,OLIVER MA FOR LIEUTENANT GOVERNOR 2026
"finance/Democrat/MAHAN, MATT",90611.25,300.0,0.0,Mahan for Governor 2026
"finance/Democrat/MC NERNEY, JERRY M.",100.0,0.0,0.0,Jerry McNerney for State Senate 2024
"finance/Democrat/MOJADEDI, HARRIS",551.0,800.0,0.0,Harris Mojadedi for State Senate 2026
"finance/Democrat/NEWSOM, GAVIN",328359.5,10927.0,4985.0,"Yes on 50, The Election Rigging Response Act, Governor Newsom?s Ballot Measure Committee"
"finance/Democrat/ORTEGA-TORO, LIZ",1812.0,100.0,0.0,Liz Ortega-Toro for Assembly 2026
"finance/Democrat/PARKER, NEVA",1000.0,0.0,0.0,Neva Parker for Assembly 2026
"finance/Democrat/PATEL, DARSHANA R",650.0,0.0,0.0,Patel for Assembly 2026
"finance/Democrat/PELOSI, CHRISTINE",1100.0,0.0,0.0,Pelosi for Senate 2028
"finance/Democrat/PINON, LUCAS",100.0,0.0,0.0,Lucas Pinon for Assembly 2026
"finance/Democrat/PORTER, KATIE",174511.97,827.0,260.0,Katie Porter for Governor 2026
"finance/Democrat/PUDLO, MAEBE",300.0,0.0,0.0,"PUDLO FOR CA STATE SENATE DISTRICT 26, 2026; MAEBE"
"finance/Democrat/PULIDO, MARK",100.0,0.0,0.0,Mark Pulido For Assembly 2026
"finance/Democrat/RASCON, SARAH",100.0,0.0,0.0,Rascon for State Senate 2026
"finance/Democrat/RIVAS, ROBERT",5900.0,0.0,0.0,Robert Rivas for Assembly 2026
"finance/Democrat/ROY, SION",0.0,100.0,0.0,Dr. Sion Roy for State Senate 2026
"finance/Democrat/SAKAKIHARA, SCOTT",100.0,300.0,0.0,Scott Sakakihara for Senate 2026
"finance/Democrat/SCHWARTZ, STEVE",2708.0,0.0,0.0,Steve Schwartz for Assembly 2026
"finance/Democrat/SEO, PAUL",250.0,0.0,0.0,Paul Seo for Assembly 2026
"finance/Democrat/SMALLWOOD-CUEVAS, LOLA",312.0,0.0,0.0,LOLA SMALLWOOD-CUEVAS FOR SENATE 2026
"finance/Democrat/STEFANI , CATHERINE",1100.0,0.0,0.0,Catherine Stefani for Assembly 2026
"finance/Democrat/STEYER, THOMAS F.",39800.0,0.0,0.0,Steyer for Governor 2026
"finance/Democrat/SUKATON, SAMUEL P.",835.0,0.0,0.0,Sukaton for State Board of Equalization 2026
"finance/Democrat/SWALWELL, ERIC M.",23690.0,0.0,200.0,Eric Swalwell for Governor 2026
"finance/Democrat/TAYLOR, VANCE",200.0,0.0,0.0,Vance Taylor for Assembly 2026
"finance/Democrat/THURMOND, TONY",10605.0,380.0,0.0,Tony Thurmond for Governor 2026
"finance/Democrat/TUBBS, MICHAEL",8814.99,1400.0,0.0,Michael Tubbs for Lieutenant Governor 2026
"finance/Democrat/UMBERG, THOMAS J.",562.0,0.0,0.0,Colonel (Ret.) Tom Umberg for Board of Equalization 2026
"finance/Democrat/VILLARAIGOSA, ANTONIO R.",450.0,0.0,0.0,Antonio Villaraigosa for Governor 2026
"finance/Democrat/WEBER, SHIRLEY",1500.0,0.0,0.0,Shirley Weber for Secretary of State 2026
"finance/Democrat/WICKS, BUFFY",2200.0,0.0,0.0,Buffy Wicks for Assembly 2026
"finance/Democrat/WOLFF, PATRICK",13550.0,0.0,0.0,Wolff for Insurance Commissioner 2026
"finance/Democrat/YEE , BETTY T.",7215.0,783.0,0.0,Betty Yee for Governor 2026
finance/Republican,,,,
"finance/Republican/BIANCO, CHAD",350.0,52.23,0.0,Bianco for Governor 2026
"finance/Republican/DE MAIO, CARL",366.8,0.0,0.0,Carl DeMaio for State Assembly 2026
"finance/Republican/DE MAIO, CARL",987.9,0.0,0.0,Reform California with Carl DeMaio - Ballot Measure Committee
"finance/Republican/GATES, MICHAEL",500.0,0.0,0.0,Gates for Attorney General 2026
"finance/Republican/HILTON, STEVE",6028.71,200.0,0.0,Steve Hilton for Governor 2026
"finance/Republican/JOHNSON, NATASHA",5900.0,0.0,0.0,Johnson for Assembly 2026
"finance/Republican/MORGAN, HERBERT W.",260.25,0.0,0.0,Herb Morgan For State Controller 2026
"finance/Republican/MURPHY, MICHAEL",1000.0,0.0,0.0,Murphy for Assembly 2026
"finance/Republican/RUBAY, JOSEPH A.",615.0,0.0,0.0,Friends of Joe Rubay for Assembly 2026
"finance/Republican/SHIREMAN, WILLIAM K.",52.4,0.0,0.0,"SHIREMAN FOR BOARD OF EQUALIZATION DISTRICT 2, 2026; BILL"
finance/Green,,,,
"finance/Green/RENDON, MARK B",178.42,0.0,105.72,"RENDON FOR ASSEMBLY, 2026; MARK"
"finance/Green/WARE, RUDOLPH ""BUTCH"" T",2497.04,0.0,426.0,Butch Ware for Governor 2026
finance/Peace and Freedom,,,,
"finance/Peace and Freedom/ADAMS, MEGHANN L",107.49,0.0,0.0,ADAMS FOR CONTROLLER 2026; MEGHANN
"finance/Peace and Freedom/ROBINSON, RAMSEY",134.76,0.0,0.0,ROBINSON FOR GOVERNOR 2026; RAMSEY
"finance/Peace and Freedom/VARGAS, EDUARDO E.",0.0,0.0,10.0,VARGAS FOR INSURANCE COMMISSIONER 2026; LALO
finance/Non-Partisan,,,,
"finance/Non-Partisan/BARRERA, RICHARD",450.0,0.0,0.0,Richard Barrera for Superintendent of Public Instruction 2026
"finance/Non-Partisan/LARA, FRANK",0.0,0.0,600.0,LARA FOR SUPERINTENDENT OF PUBLIC INSTRUCTION 2026; FRANK
"finance/Non-Partisan/MANDELMAN, RAFAEL",500.0,0.0,0.0,Rafael Mandelman for Assembly 2028
"finance/Non-Partisan/MURATSUCHI, AL",2100.0,0.0,0.0,Al Muratsuchi for Superintendent of Public Instruction 2026
"finance/Non-Partisan/NEWMAN, JOSH",100.0,0.0,0.0,Josh Newman for Supt. of Public Instruction 2026
