name,hash,cityofberkeley_amount,ucberkeley_amount,both_amount,committee_name
finance,,,,,
finance/Democrat,,,,,
finance/Democrat/Dawn J. Addis,5743aac,350.0,0.0,0.0,Dawn Addis for Assembly 2026
finance/Democrat/Ben Allen,58d6000,2180.0,350.0,0.0,Ben Allen for Insurance Commissioner 2026
finance/Democrat/Ben Allen,58d6000,1000.0,0.0,0.0,Ben Allen Senate 2022 Officeholder Account
finance/Democrat/Jesse Arreguin,6b00d4c,7000.0,125.0,0.0,Arreguin for Senate 2028
finance/Democrat/Toni G. Atkins,e53577c,500.0,0.0,0.0,Toni Atkins for Governor 2026
finance/Democrat/Xavier Becerra,db72707,526086.27,1075.0,900.0,Becerra for Governor 2026
finance/Democrat/Josh Becker,d757584,900.0,0.0,0.0,Josh Becker for Senate 2028
finance/Democrat/Josh Becker,d757584,100.0,0.0,0.0,Senator Josh Becker Justice and Climate Ballot Measure Committee
finance/Democrat/Eli Beckman,5fd43a3,1275.0,100.0,0.0,Eli Beckman for Assembly 2026
finance/Democrat/Catherine Blakespear,56c4a82,500.0,0.0,0.0,Catherine Blakespear for Senate 2026
finance/Democrat/Mia Bonta,6c94717,335.0,0.0,0.0,Mia Bonta for Assembly 2026
finance/Democrat/Rob Bonta,35dc28f,48439.5,37.5,500.0,Rob Bonta for CA Attorney General 2026
finance/Democrat/Jaron Brandon,64f4085,3000.0,0.0,0.0,Committee to Elect Jaron Brandon for State Senate 2026
finance/Democrat/Ada Briceno,5d109bf,200.0,0.0,0.0,Ada Briceno for State Assembly 2026
finance/Democrat/Christopher Cabaldon,6506745,1000.0,0.0,0.0,Christopher Cabaldon for Senate 2028
finance/Democrat/Anna Caballero,a4c9d99,500.0,0.0,0.0,Anna Caballero for State Treasurer 2026
finance/Democrat/Sandra Celedon,a80c839,0.0,2000.0,0.0,Sandra Celedon for Assembly 2026
finance/Democrat/Sabrina Cervantes,5dcb915,11800.0,0.0,0.0,Sabrina Cervantes for Secretary of State 2030
finance/Democrat/Rick Chavez Zbur,71c19e8,1000.0,0.0,0.0,Re-Elect Rick Chavez Zbur for Assembly 2026
finance/Democrat/David Cohen,6a57ed8,300.0,0.0,0.0,David Cohen for California Senate District 10 2026
finance/Democrat/Malia M. Cohen,fd9adda,5900.0,0.0,0.0,Malia Cohen for Controller 2026
finance/Democrat/Damon Connolly,a17d5b7,100.0,0.0,100.0,Damon Connolly for Senate 2026
finance/Democrat/Sara Deen,f796894,100.0,0.0,0.0,Sara Deen for Assembly 2026
finance/Democrat/Mara Elliott,8d6c6e3,100.0,0.0,0.0,Mara Elliott for Senate 2026
finance/Democrat/Ellen Evans,3ede5ce,250.0,0.0,0.0,Ellen Evans for State Senate 2026
finance/Democrat/Josh Fryday,4205c08,31058.0,570.0,0.0,Josh Fryday for Lt. Governor 2026
finance/Democrat/James M. Gore,f71791f,10.0,0.0,0.0,Friends of James Gore for State Senate 2026
finance/Democrat/Tim Grayson,5251f65,0.0,100.0,0.0,Tim Grayson for State Controller 2030
finance/Democrat/Gregg A. Hart,77af946,1500.0,0.0,0.0,Gregg Hart for Assembly 2026
finance/Democrat/David Hildebrand,bc67243,100.0,0.0,0.0,HILDEBRAND FOR SENATE 2026; DAVID
finance/Democrat/Fatima S. Iqbal-Zubair,76a42ce,200.0,0.0,0.0,Fatima Iqbal-Zubair for Assembly 2026
finance/Democrat/Dan E. Kalb,68c3811,375.0,0.0,0.0,Dan Kalb for State Senate 2024
finance/Democrat/Ash Kalra,7752cea,312.0,0.0,0.0,Ash Kalra for Assembly 2026
finance/Democrat/Janelle Kellman,ef1d6ac,2350.0,0.0,0.0,Janelle Kellman for Lieutenant Governor 2026
finance/Democrat/Anne Kepner,d9870ed,600.0,0.0,0.0,Anne Kepner for State Senate 2026
finance/Democrat/Jane Kim,4c52345,5235.0,200.0,50.0,Jane Kim for Insurance Commissioner 2026
finance/Democrat/Chris Kluwe,947d070,250.0,0.0,0.0,Chris Kluwe for Assembly 2026
finance/Democrat/Eleni Kounalakis,bbc7bca,500.0,0.0,0.0,Eleni Kounalakis for Treasurer 2026
finance/Democrat/Alex Lee,5f44c38,418.0,0.0,0.0,Alex Lee for State Assembly 2026
finance/Democrat/S. Monique Limon,b165c77,14800.0,0.0,100.0,Limon for State Controller 2030
finance/Democrat/S. Monique Limon,b165c77,0.0,100.0,0.0,Monique Limon Ballot Measure Committee to Advance California
finance/Democrat/Eric A. Lucan,91b32b1,0.0,100.0,0.0,Eric Lucan for Assembly 2026
finance/Democrat/Fiona Ma,4df69a7,3150.0,0.0,0.0,Fiona Ma for Lieutenant Governor 2026
finance/Democrat/Oliver Ma,c45226b,1500.0,0.0,0.0,OLIVER MA FOR LIEUTENANT GOVERNOR 2026
finance/Democrat/Matt Mahan,b839435,169261.25,300.0,0.0,Mahan for Governor 2026
finance/Democrat/Rafael Mandelman,9b337cb,500.0,0.0,0.0,Rafael Mandelman for Assembly 2028
finance/Democrat/Jerry M. Mc Nerney,0aa0fac,100.0,0.0,0.0,Jerry McNerney for State Senate 2024
finance/Democrat/Harris Mojadedi,291f56a,551.0,800.0,0.0,Harris Mojadedi for State Senate 2026
finance/Democrat/Gavin Newsom,99b63ce,330404.5,10927.0,4985.0,"Yes on 50, The Election Rigging Response Act, Governor Newsom?s Ballot Measure Committee"
finance/Democrat/Liz Ortega-Toro,bb0e6ef,1812.0,100.0,0.0,Liz Ortega-Toro for Assembly 2026
finance/Democrat/Neva Parker,8934b2d,1000.0,0.0,0.0,Neva Parker for Assembly 2026
finance/Democrat/Darshana R Patel,a1d36e8,650.0,0.0,0.0,Patel for Assembly 2026
finance/Democrat/Christine Pelosi,25a4a4b,1100.0,0.0,0.0,Pelosi for Senate 2028
finance/Democrat/Lucas Pinon,857851b,100.0,0.0,0.0,Lucas Pinon for Assembly 2026
finance/Democrat/Katie Porter,e601184,175361.97,827.0,260.0,Katie Porter for Governor 2026
finance/Democrat/Maebe Pudlo,a01e861,300.0,0.0,0.0,"PUDLO FOR CA STATE SENATE DISTRICT 26, 2026; MAEBE"
finance/Democrat/Mark Pulido,4b733b4,100.0,0.0,0.0,Mark Pulido For Assembly 2026
finance/Democrat/Sarah Rascon,187e813,100.0,0.0,0.0,Rascon for State Senate 2026
finance/Democrat/Robert Rivas,dbb5df4,11800.0,0.0,0.0,Robert Rivas for Assembly 2026
finance/Democrat/Sion Roy,c8b0275,0.0,100.0,0.0,Dr. Sion Roy for State Senate 2026
finance/Democrat/Scott Sakakihara,0b5d4c4,100.0,300.0,0.0,Scott Sakakihara for Senate 2026
finance/Democrat/Steve Schwartz,f26ca2f,2708.0,0.0,0.0,Steve Schwartz for Assembly 2026
finance/Democrat/Paul Seo,104dae0,250.0,0.0,0.0,Paul Seo for Assembly 2026
finance/Democrat/Lola Smallwood-Cuevas,9c421dc,312.0,0.0,0.0,LOLA SMALLWOOD-CUEVAS FOR SENATE 2026
finance/Democrat/Catherine Stefani,5a733a4,1100.0,0.0,0.0,Catherine Stefani for Assembly 2026
finance/Democrat/Thomas F. Steyer,b02a582,39800.0,0.0,0.0,Steyer for Governor 2026
finance/Democrat/Samuel P. Sukaton,0d034ae,835.0,0.0,0.0,Sukaton for State Board of Equalization 2026
finance/Democrat/Eric M. Swalwell,7370451,23740.0,0.0,200.0,Eric Swalwell for Governor 2026
finance/Democrat/Vance Taylor,c3d3d5b,200.0,0.0,0.0,Vance Taylor for Assembly 2026
finance/Democrat/Tony Thurmond,e19b655,10605.0,380.0,0.0,Tony Thurmond for Governor 2026
finance/Democrat/Michael Tubbs,0ac40d5,8814.99,1400.0,0.0,Michael Tubbs for Lieutenant Governor 2026
finance/Democrat/Thomas J. Umberg,9f5ab81,562.0,0.0,0.0,Colonel (Ret.) Tom Umberg for Board of Equalization 2026
finance/Democrat/Antonio R. Villaraigosa,1a9eade,450.0,0.0,0.0,Antonio Villaraigosa for Governor 2026
finance/Democrat/Shirley Weber,9085d58,1500.0,0.0,0.0,Shirley Weber for Secretary of State 2026
finance/Democrat/Buffy Wicks,96765d2,2200.0,0.0,0.0,Buffy Wicks for Assembly 2026
finance/Democrat/Patrick Wolff,7e216ab,13550.0,0.0,0.0,Wolff for Insurance Commissioner 2026
finance/Democrat/Betty T. Yee,5f81059,7215.0,783.0,0.0,Betty Yee for Governor 2026
finance/Republican,,,,,
finance/Republican/Chad Bianco,438a5f1,350.0,52.23,0.0,Bianco for Governor 2026
finance/Republican/Carl De Maio,09cd8df,419.2,0.0,0.0,Carl DeMaio for State Assembly 2026
finance/Republican/Carl De Maio,09cd8df,1014.25,0.0,0.0,Reform California with Carl DeMaio - Ballot Measure Committee
finance/Republican/Michael Gates,a9aca30,500.0,0.0,0.0,Gates for Attorney General 2026
finance/Republican/Steve Hilton,e08ee23,6128.71,200.0,0.0,Steve Hilton for Governor 2026
finance/Republican/Natasha Johnson,c436dfa,11800.0,0.0,0.0,Johnson for Assembly 2026
finance/Republican/Herbert W. Morgan,2c467a8,260.25,0.0,0.0,Herb Morgan For State Controller 2026
finance/Republican/Michael Murphy,57d835a,1000.0,0.0,0.0,Murphy for Assembly 2026
finance/Republican/Joseph A. Rubay,e07633f,615.0,0.0,0.0,Friends of Joe Rubay for Assembly 2026
finance/Republican/William K. Shireman,27e94dc,52.4,0.0,0.0,"SHIREMAN FOR BOARD OF EQUALIZATION DISTRICT 2, 2026; BILL"
finance/Green,,,,,
finance/Green/Mark B Rendon,b62c20f,178.42,0.0,105.72,"RENDON FOR ASSEMBLY, 2026; MARK"
"finance/Green/Rudolph ""Butch"" T Ware",f5ae024,2497.04,0.0,426.0,Butch Ware for Governor 2026
finance/Peace and Freedom,,,,,
finance/Peace and Freedom/Meghann L Adams,c1a5042,107.49,0.0,0.0,ADAMS FOR CONTROLLER 2026; MEGHANN
finance/Peace and Freedom/Ramsey Robinson,a6c3637,134.76,0.0,0.0,ROBINSON FOR GOVERNOR 2026; RAMSEY
finance/Peace and Freedom/Eduardo E. Vargas,8a294cb,0.0,0.0,10.0,VARGAS FOR INSURANCE COMMISSIONER 2026; LALO
finance/Non-Partisan,,,,,
finance/Non-Partisan/Richard Barrera,da0b755,450.0,0.0,0.0,Richard Barrera for Superintendent of Public Instruction 2026
finance/Non-Partisan/Frank Lara,ac907ac,0.0,0.0,600.0,LARA FOR SUPERINTENDENT OF PUBLIC INSTRUCTION 2026; FRANK
finance/Non-Partisan/Al Muratsuchi,72a91f4,2100.0,0.0,0.0,Al Muratsuchi for Superintendent of Public Instruction 2026
finance/Non-Partisan/Josh Newman,492ddae,100.0,0.0,0.0,Josh Newman for Supt. of Public Instruction 2026
